Address,Weight,Percentage
0x8ad7a9e2b3cd9214f36cb871336d8ab34ddfdd5b,1488801288,53.95034995
0x90be6dfea8c80c184c442a36e17cb2439aae25a7,656052644,23.77366947
0xa22eb3338dfd69458513a1f6d4742ab29f7ef333,125514636,4.548329311
0x8e27d64063d74c7c2f7c8609e5b6d78d03378d23,85706816,3.105795753
0xc1af7b6e54e5d991cfe8f7494dde81c1b33487ac,40118862,1.453804925
0xf91d92176255b58bb631e36973e44cae271570a5,28297724,1.025437125
0x62bd0dec5a8733a0590891f97e5928b51dccc6dd,28024984,1.015553725
0x42f6e927e8fd5b1992e6d52f62d355e34f659079,26000000,0.9421734856
0x4db1361f4cf544f1ec8f224528330c29d13b9c55,19567184,0.7090646905
0x699be20b51eb285a1d3b6c552336b9b5a912c310,16248752,0.5888132041
0xac060d5334f0d987c591089d707c7d5e1b18acb9,16197272,0.5869477006
0x46a83dc1a264bff133db887023d2884167094837,15149870,0.5489925317
0x1362d0ddaa44d70cff5bdf462111e92d46f99ebc,14484091,0.5248664039
0xd8531a94100f15af7521a7b6e724ac4959e0a025,12723412,0.4610639012
0xdbd5e81eb31a210459f5d4c057651ffce5f742aa,9436010,0.3419368628
0x7a16ff8270133f063aab6c9977183d9e72835428,9414184,0.3411459443
0xd09f16830172e6073e8e5ee5053f35010f1c7d7a,8952795,0.3244263873
0x5a52b3a72bdaa5c474f6ba45f2909ef692866676,8904348,0.322670792
0xea9f2e31ad16636f4e1af0012db569900401248a,8429356,0.3054582971
0x9b44473e223f8a3c047ad86f387b80402536b029,7543848,0.2733697525
0x52f30c782d029a8d0839c0bcc0f28de3b7774f17,7089836,0.2569175191
0xf89501b77b2fa6329f94f5a05fe84cebb5c8b1a0,6423404,0.2327677283
0x6f3a86a0fd7aafa0b679d4dac8ea7dfccce383ab,5641792,0.204444109
0x344d9c4f488bb5519d390304457d64034618145c,4824907,0.1748422864
0x9dc3e0fc228c2455773e70ee9e987ae2a6fbc07d,4793516,0.1737047568
0xf4dfcd61c36fc3ac374e52206c43253e14c2ffe2,4629900,0.1677757316
0x425d16b0e08a28a3ff9e4404ae99d78c0a076c5a,4570956,0.1656397518
0x40093c0156cd8d1daefb5a5465d17fcc6467aa31,4415331,0.1600002999
0x4d4902bd7e080159964f46b10feeb6482d148e5a,4251539,0.1540648969
0x13f210c8baf5f5dbaff3e917e2e5a49e73bbaf12,3123982,0.1132051158
0x5f94dd661a351738f44de2e239a8bf1b8a602a85,2900130,0.1050932919
0x5794cfe09c6e84f299d891431988b4a08bd365b4,2900000,0.1050885811
0xe4353c3d60162580dd4f5418566ba19bf855d154,2693714,0.09761330417
0x5a14bd3f2bf84c3690d653f1d40cfb7a8a9b3c26,2458243,0.08908043753
0x97b418f3f1abe6810bed881cfc298491f4b93bf6,2390200,0.08661473328
0xade9e51c9e23d64e538a7a38656b78ab6bcc349e,2346255,0.0850222789
0xff2c1a69a7d54adc3b872fa2f6b3d2eb2421d031,2321195,0.08411416861
0xb335312edfc1628ec20973ed04c19dbeef909966,2318337,0.084010602
0x74926a23b2eabd0bdf34f5da3b6687a48b45e0db,2090536,0.07575567653
0x32d03db62e464c9168e41028ffa6e9a05d8c6451,2053844,0.07442605232
0xe75c6d867f658e534450e0595dd0eb4fcc7a4060,1943404,0.07042398925
0x608f6a227ffd3b2d4cb04961e47944203d68bbb3,1760000,0.06377789748
0x20eadfcaf91bd98674ff8fc341d148e1731576a4,1706495,0.06183901316
0x5e5e9207e58c16ad48018781a35f9ed116277fe7,1671987,0.06058853152
0x8d9004e297950cac958729153fd7bb707d691338,1646073,0.05964947446
0x7348679dd2e27a4b2fc5e861074129bc9219d078,1450000,0.05254429054
0xaef6ea60f6443bad046e825c1d2b0c0b5ebc1f16,1386892,0.05025741807
0xc162977c10827ba32c818682188725043f9d4af7,1172319,0.04248184148
0xc90725a132e4c2dd0fc036ee9c3d3b1a3c7ee629,1150000,0.04167305802
0x2c235260146dc215b99ffdb7752c38bf6272663e,1150000,0.04167305802
0x0820bb1d8a4200902cdd064f87607cdf605d75e4,1150000,0.04167305802
0x88a946ed378c6579c6bebe9039f9f3e0504b368e,1055444,0.03824659047
0x94a468fcb53a043bf5cd95ef21892e02c71134be,1040936,0.03772085767
0xe45bfbbce6b346682dbff697b50f691f9e3a05ef,1016730,0.03684369415
0x5bff1a68663ff91b0650327d83d4230cd00023ad,987948,0.0358007081
0xb44831a793d4be04c06ad22e3fed000b7406b382,964652,0.03495652066
0xf07a2439296e07bc4320af924e655a01fb69d89c,963183,0.03490328786
0xa3c44dddbb1d9695e158d722694fef352cf5267a,961713,0.03485001882
0x063608d16d09e48e46329d6bf833cd31dc341030,905639,0.03281804051
0xd6089c2500b7f3c18e07c21bd2f0466b25b61039,901420,0.03266515474
0xd9cfab54f1234aeea22b2818ab919866a2809c1c,870000,0.03152657432
0x404787122655080e4aa8c18484c537b69ea8409d,784992,0.02844610188
0x74fd09eb3d5342d9abfccbd5c144e3b0faca5a50,779428,0.02824447675
0xb8dba71e9a9a953a6ef299d0caa8279dd4527332,753438,0.02730266564
0x04b8fbbe534b616d12adc6a918fe4e9420612169,685828,0.0248526522
0xc2028ff0bb395c10eb87890a9d0abcb3e6b99eec,675000,0.02446027318
0xb51074da03c55e79e3526cf6bbf31873443efc63,650000,0.02355433714
0xde414fe1bff028e595e00f2415ba024ca3e15b43,634752,0.02300178863
0x56a201b872b50bbdee0021ed4d1bb36359d291ed,609220,0.02207657426
0x82a3b3274949c050952f8f826b099525f3a4572f,595556,0.02158142586
0x2739112f7cc5b48b15737d964c9e61020055d977,591368,0.02142966345
0x71aca6dcafc4a7a85c998f58c092b53e0ee1e619,532973,0.01931357804
0x9f63d8c42cd762c36bb3a63a13fdc3b7eeefa853,520000,0.01884346971
0xf2c9c2ebaebfc38f76d825b09a91aeec477f4fcf,495671,0.01796184899
0xb3b2266f8ad938e1ebf73495da2ac56aac8ea9cb,481284,0.01744050092
0xf5f1bd0e5bc743cf540b6305ecdf41a48347cb96,480514,0.01741259809
0xfb2a4e6e2aa6fb965acbcf59e4cc51a751642dcd,465510,0.01686889151
0xe6e0d89feacff96ec7a53b09021c68286a592676,460764,0.01669690861
0x1c7409c299ff49c9869cfe7c4a9f006346a539e4,452592,0.01640077624
0x794783dcfcac8c1944727057a3208d8f8bb91506,444411,0.01610431773
0x1f00b89f92990b8b3a1708a59e11397dc5af0364,436128,0.015804163
0xe5350e927b904fdb4d2af55c566e269bb3df1941,411424,0.01490895324
0x57d7e9853072ddf1e288fa4d7ee52412bfbb8347,403486,0.01462130042
0xd5bb24152217bea7a617525ddfa64ea3b41b9c0a,346788,0.01256670995
0x5a529aab8c082fc535280be71050b9a6b7c88373,338000,0.01224825531
0x31d3fa1131e80cf187faf89b0ff69ece2720176b,331747,0.01202166259
0xdb29ec3fb265a03943bfedbdf4ee9d9867b368e8,329056,0.01192414763
0x617d08085f68070f00fe4945c1e57013f7600b12,325728,0.01180354943
0xea125e2e69bcea66942ae1824b4eb6822c278f50,325000,0.01177716857
0x9636842fb5b6c46a7b5d6ce8bf61b4ff6248926c,318500,0.0115416252
0x54dec492c2fdb485f8e8e2add1ebc3a4b614f54f,310000,0.01123360694
0xccf6c29d87eb2c0bafede74f5df35f84541f4549,309544,0.01121708267
0x09cf50574504d9dcf127e848a6058e8e0bb814aa,303368,0.01099328023
0x260d2a30680062e7c0231311c6b46616c841c712,296546,0.0107460684
0xd71fa85cfba365b1c9ff9d0af229d0a3db03f070,295757,0.01071747706
0x058de0bd43d02f06addfdb0390cff26a45f7d4af,287502,0.01041833698
0xf14ed610543c877f73626749afcf29d24a33ff0e,287500,0.0104182645
0xb8bd8f4c420ada4d999f2619503d5aaa139ed7c2,284388,0.01030549359
0x60a2d9981154c54b8362e959ba37f5db2e24e950,273000,0.009892821598
0x5c91c5d4d94801298ba5a47b63d6e0b5fc5200f1,269711,0.009773636652
0x0b9bdb591c62b8aa65aaf1688eebd8d7ea1a1c53,266974,0.009674454774
0x4621867fc6fda09eafd90aaf5fe56ac75dd936d9,266085,0.009642239689
0x61fdff48d154c6079e43cbf14027057b367cb3b2,265668,0.009627128675
0x59b40b338eb5958b130a0331bb5877266a8df9f8,261469,0.009474967658
0x116e91d0dceb6e3efc2e06918c9e85417b3a7008,254178,0.00921076047
0xd76f1c2764a5f22548713cde767b5b752170d6d7,252333,0.00914390239
0xfe51263bd0d075dc5441e89ecd1f6d63ff41e02e,250328,0.009071246319
0x8e5a521a7897574e0e4fb1d80b7951802985b2e2,245000,0.008878173229
0xb0fa55b366676bb1962c70fa66b10aa48c04a304,233987,0.008479090283
0x161b6976dc49155dbb7c56195736395a23e4a57b,225967,0.008188466
0x39415255619783a2e71fcf7d8f708a951d92e1b6,219856,0.007967018994
0xebc48e8db0d9203db04512ec4a8030cf2a43c384,218880,0.007931651251
0x7baf965eca4afff0f9c92fd26ce8e0447e30b86f,215168,0.007797137867
0x77cad933774fcb8f66c6fb34a382e15bb88857fe,212057,0.007684403186
0x138ba9b9143eb6e8ffc9aa1a89d8bec5aa1d2a7d,210969,0.007644976849
0x2a48d3be1b3603af83ff5f72df5b14b8cfd37164,200673,0.007271876149
0x78be8dd29b176c43dfd10eb40d98ff5e88851ee6,193554,0.007013901801
0x284b3e3b630a3371693c988f21be147ff60c9411,191745,0.006948348269
0xc20238592961060f2ed79ed951dfe107e20330b5,185269,0.006713674596
0xbfc8780e3a5fe21c5e206b769c8d4aa96cddc5bd,182000,0.006595214399
0x6dc36ccbdcdd8b863ed7ddecf621e9e0d2deed28,180000,0.006522739515
0x1908a3232eed9186b4a5b666075711d2db0200e5,174811,0.00633470343
0x9c02ac8a9e766a6e4f6987f5ea6aa91d70e932b9,162633,0.005893403865
0x8a8e9730646efd1e57453054f1a6366897d7cb1c,161340,0.005846548852
0xdeccf3122d665f0e912bac602f0e28c0ae0ea8d2,160690,0.005822994515
0xe116d5f4ccd817e93a4827b4b1166fb3fa61bec5,157165,0.005695257533
0xecaa7767e6e024df40d5fcd283cdab33af2a5ae7,153721,0.005570455784
0x23cef0b3fa3f1754f6f32cc113acdd639edea8ed,152833,0.005538276935
0x834d721cabe2f4b7a67bf81c49d322f792de50a6,146920,0.005324004942
0xbdec1290937fd0fb31ec91b4d908e5204e8b8d6c,143750,0.005209132252
0xc62eecc24cb6e84da2409e945ddcf7386118c57a,141703,0.005134954209
0xec180fb79657bcecae7515f44030666db500ace1,138667,0.005024937335
0x0ad59c344359fdf8472e7ffbf4eb6af4751138da,134452,0.004872196518
0x1d5e65a087ebc3d03a294412e46ce5d6882969f4,130755,0.004738226696
0x89f40ca416df2cb2fda79c3f5d9338e87cab0600,130488,0.004728551299
0x98bbfca15f8cc112fb754a44d0d88bbc36ade87e,128440,0.004654337019
0x4ffcc0a7ced9d63d4cafe3bc4d7d60d6b870213f,126762,0.004593530591
0xbf9fbaa5c5a4b9455dceb1cbca57d444703bc867,124170,0.004499603142
0xd2dcae2b4e6dc5e9fb1d896089741073100f70e3,121020,0.004385455201
0xc4a8bbbc739b1d0bba77053c4f0c56c7f6d0b89c,118624,0.00429863029
0x38f2944e482a050942e5fb1652af4690017cd141,115000,0.004167305802
0xe46d5aec26b4ce9218b937631e3a7456c79880fe,111848,0.004053085385
0x0feb0f31d67adbbc950ac0c5266490a9a9735a49,109746,0.003976914283
0xb71d05cf5cdf7a9b15b20b9aab5e91332c271c96,105575,0.003825767913
0x062e60d2d5d97547546a8856db00e72fb6a705e6,102000,0.003696219059
0x0940e30c906e23dedc6acdf63b9ef5dee65621f9,99216,0.003595334021
0x122402da2732ae0ee568f8c0d64d2d9984710e2a,97776,0.003543152105
0x1a7988d9868b0efe557f98c38a6ab244ebbb05bb,97512,0.00353358542
0x4ee152edae94f156a064e0c0983f6910884a4dc7,97240,0.003523728836
0x52e735066180554bd787bdca70232bff97444fa4,93528,0.003389215452
0x2ae9c12d8356f11d1be6c4e91fe64c10783d42e5,92000,0.003333844641
0x9f04506fec87f209de7feb3797639da931888888,91747,0.003324676568
0x6eb0534cce36ae59165b5070a2c3f0a4cdeee7be,89110,0.003229118435
0xdc5ad17a7b8da976cc4a9b2b266f72fbc711b849,88556,0.003209042892
0x62b88fdf96decb20dac288823a28713347340b97,85874,0.003111854073
0x660c222155f84265e7575d1311b430f075b66968,84583,0.003065071536
0xf47fd47c6241efd6e5a6c03be3fe3f8e45f0325b,84502,0.003062136303
0xde94a1bf2760fbc6502a3cb578bcacc16e37b1f2,84183,0.003050576559
0xc04a5451caa72d9784a1bd494cf2444aa6a1d42a,82001,0.002971506461
0x5d70c0189c8d71563f5e4157c53ac396dcd5a370,80773,0.002927006883
0x19ae3cf684087e2cb9cc2dd2b58c29f79f4e9d02,80362,0.002912113294
0x1e0cabef79e70ddaca8859e9a33b306de1a368f9,79589,0.002884101752
0x3e383b90eb74bb2f10636e80e158294fc1ff0c42,78740,0.002853336164
0x661f3573806009037796537e7e0825e242c5c8ed,78000,0.002826520457
0xc98a20b1c98456178cf627e1e23af4e05128b15a,76830,0.00278412265
0xafd1f220217c37ea11baa5f5d2ad37f9ad3dffc7,76000,0.002754045573
0x3addd5a240c77f7556f407de03e52c33ff4c4304,75114,0.0027219392
0xd2fa05f18984b7bfeb905643c1e23af20b4686db,74777,0.002709727182
0x77047506fd74f1f9fea740298cce6c189be21032,73008,0.002645623147
0xc5513d62c1f4f387ff6c1db9a3492e31fdb23bb1,72369,0.002622467422
0x644a96b4d847ca228c86a6908066775046904781,71330,0.00258481672
0x8607a7d180de23645db594d90621d837749408d5,70948,0.002570974017
0x4f3de779cd8be91097b2499e2610f2a68a4b6990,69992,0.002536331023
0x6000621ee13a2c31e8545fe10fc3c860dce4ff05,67500,0.002446027318
0x2aa0e6138bce660a85682ebff138ca72bdd91e1a,65435,0.002371197001
0x8f5e97e1e3d47a2f223a67e06de21f067b7779db,65208,0.002362971102
0x254747cb22df3daa0adf1b9a81697662ada44cd5,64655,0.002342931797
0xd2fc0bb892270e06b2ce81394c988d3b2f5c1414,64483,0.002336698957
0x032340d5ee1162539695d846729004dc9bf2f03c,63330,0.002294917186
0x3bb6864a9ae4f90b7e80b95ac1d2330a42b88791,62304,0.002257737571
0x6b2dce929f92566ef5e8735d673937bd66911235,61782,0.002238821626
0xb325c1ac788f02ff7997cf53c6ff40dd762897b3,61724,0.002236719855
0x7d49ba90cc67fc0e7149cc342d17334c37dedbdd,60512,0.002192800075
0xd2381098b71a9f6cb3d0e0458b9830b12e6790a3,60452,0.002190625829
0xaae99871b32a731ddeaeee18517e365ebe44f395,60000,0.002174246505
0x0c01383ecb25008d207025b405575f908c6167c4,59938,0.002171999784
0x0352d41d7876bd08fd3c5d956a65617e221543e2,59432,0.002153663638
0x2662deb3c08fb7df2dd9eed59f79c2ce459bf44b,59125,0.002142538744
0x7659121308b1dc5aea40e659c3edb40592102846,57200,0.002072781668
0x3f47cb95efbc1a15113b6a405b7548421580967f,55913,0.002026144081
0x6c942de7a4abb37efe89a16a2b872d79b0e5a4ed,55510,0.002011540392
0x539dfe636d8ea473f093d3dc4881a80cc5fc7dff,55440,0.002009003771
0xa150da57fe14e1964164fd52b55759c2649c5e9a,55050,0.001994871168
0x2d1ef4acf4cae6a38950971aaaa15f88d9b3f165,53759,0.001948088631
0x69a3c6b30573b5a076a36296858b888c74f6ac8b,53428,0.001936094038
0xdcfc30125bdf514b7c434f9868783c7b48d7a3bc,53040,0.001922033911
0x9cfa2455ab78fabe23651f10551705de03a60533,52688,0.001909278331
0xac1e7d530b8ecd81537b01f3337a5c05ea01130c,52000,0.001884346971
0x9b6e0e1bef479b0c6759c919220519172a2b905b,50653,0.001835535137
0x4c6238f0ac7eaa9f615491af7d16a4a3cba7ecee,49358,0.00178860765
0x722204bf035396c37ca5cc5893b8b330b7912b4a,48988,0.001775199797
0xcf72b6323bd64d861e7a33b50f6b53acea46976b,48714,0.001765270738
0xff3fb2d0e38c11d1ea53b030e210f3ce6eeb5bba,48348,0.001752007834
0x26602bf417c4e57ba3d2268d7f93a1e16f29e069,48204,0.001746789642
0xfbd6cd5e34d86315227cd6df51d507febbc193e9,48000,0.001739397204
0xf152581b8cb486b24d73ad51e23a3fd3e0222538,47957,0.001737838994
0xd9d444e9f8e7007b7e7e8ca10d8eed6268b9003f,47698,0.001728453497
0x1223c0f2c2b445ff2df3fb82c0f3b080bbf71c0f,47372,0.001716640091
0xff3e03b7da063d049970c26db009fdcb761fa910,46444,0.001683011745
0x84156b8f5e54cd8e765d1b38c67c6cf7d007e19d,45885,0.001662755015
0x3a2c50d76b0929cf2443a3c78bc81cc7d3917945,44399,0.001608906176
0x7f1e1194b51acf105b08954fd05472c7adfe0303,44184,0.001601115126
0x6db2ae486155af304aa0676479f2a9988c09292d,42120,0.001526321047
0x564759c17e07fe9c2699d79d28503912f30a04fe,41487,0.001503382746
0xe17b347be07a423e3eb0ded3c3db82e138a48f51,41059,0.001487873121
0x94dfce828c3daaf6492f1b6f66f9a1825254d24b,40331,0.001461492263
0x8da91e387b9476ac05f6830d6f1e371d2314b01e,40273,0.001459390492
0x2944322ebf133765d420f55ce0c95a7dcbd860cc,40248,0.001458484556
0x5ec6abff9bb4c673f63d077a962a29945f744857,39945,0.001447504611
0xfe4ff6602dde9275f7520f7aa46afbb9f52d1f2c,39923,0.001446707387
0x65d178f6b1173c5fd709c7401ce9b1a87d658a14,39912,0.001446308775
0x9e002db879befd384f0b095664e72c064b2db73e,39422,0.001428552429
0x5903589bb8bde6d6370981b796b184dfff2e7c11,39000,0.001413260228
0x8cdd55a551592996fe51209cd54f2553ea116a34,38700,0.001402388996
0x6bd44ba177ef6335c57da63d8a803654047c1465,38640,0.001400214749
0xb0d6ae7784a9f20c1e34218998f0fc5c24972441,38376,0.001390648065
0x54d2808b5f7a1241b979578562cb4869b0d781f8,38064,0.001379341983
0xb92aacda2a19e5328cbae3964a269195cce5ea2d,37128,0.001345423737
0xcf0afa96743819d52515bff99635a7978f2a856f,36504,0.001322811574
0xf078969e55cabf9ae3f26afeb5ec627b4430f19e,36463,0.001321325839
0x980d5d61caeeb68805b13ad4bcbfd7937c4b098b,36024,0.001305417602
0xb98a2d64bcf154238c3f2ac9922544ae0d4989d8,35568,0.001288893328
0x5dd29b8b2b52242c4585cffce78761fe64021321,35508,0.001286719082
0xd7e4a3a90de5ed9d5fe47013fd144d18f9d30c8a,35010,0.001268672836
0xaeb00420e91a45e636f1d527410a934ec4ed559d,34650,0.001255627357
0x7338afb07db145220849b04a45243956f20b14d9,34523,0.001251025202
0x892fcff1457331b321d897aeaa06cf0ee612e1d6,34000,0.00123207302
0x15d22a06003fef9e442b19c2c0eff6f7e1b22e4e,32604,0.001181485551
0xec257c79adba44a44e6de77a15c12439120557ea,32384,0.001173513314
0xca68fe01edf3cd1f0bee4744b6f5ebfc858df2f9,32292,0.001170179469
0x64b25e78520614399a08b4062733e9aedce8edde,32232,0.001168005223
0xba0098db592f7baf7f74f031087d7ffdf7698455,32062,0.001161844857
0x889daccd527e1744bb855ae0a9d9663527b0e893,31248,0.00113234758
0x62f893f826475f81f9779d56a38db9882cc5be55,31200,0.001130608183
0x4be55bbeb86092015973a667c5214b6f392bc8d1,31154,0.00112894126
0x0ff16a22367e5cf5cdb073365ce83976a9468c00,31119,0.00112767295
0xd82803325e1fec772fcb935a8a9ea06db38bd23b,31000,0.001123360694
0x0ab94c79f986bbf77df888ac25e348cc3d7c9af8,30492,0.001104952074
0x6e832b6a7c9208cae5ddf1169a4307090580f596,30324,0.001098864184
0xa02405cb8f09c3bf13ec22a94f3223d759b5ef9c,30243,0.001095928951
0xe54554b38db81380243bb5c705fde2a24018c8a9,29203,0.001058242011
0x913f31ac648bc6bf0a6c8a5b67811cd6f57d1b72,28750,0.00104182645
0x177e6dd2f230dd1fec6310c19e8df8feb557624d,28130,0.001019359236
0xa75f9c8246f7269279be4c969e7bc6eb619cc204,28122,0.001019069337
0x43a8735cb53cd2c1dcd48c37b7f2dc0d70a6b551,28032,0.001015807967
0x2857065c3632079f37efcfc841c2206e9165a714,27765,0.00100613257
0xef1d299346dbf2e842fc7872b2548f61fba9165c,27669,0.001002653776
0x7a2895d64682a9bd14c2a433f945068f27e6580a,27643,0.001001711602
0xe9edb2766012cabd56c0165707816dfca14c0bc6,27071,0.0009809837857
0xb3c01b1accb7ea8ad18c4ff1d5e021887b8fa234,26473,0.0009593137955
0x0c3a4a0ed70fdb29860760b5ca78b116fe77de00,26112,0.000946232079
0xb9217ce76651af985d9df95a1a1c7c4c3a81d133,26000,0.0009421734856
0x9ab9a67b00e8d77585b8afcacd5b938721ecb861,25800,0.0009349259972
0x6e1c5acbabaf0b3c73d4412c17c40d2f1d2e183b,25792,0.0009346360977
0x818bb80a26ff5a6dfd52bab54b3a651c5da9e514,25668,0.0009301426549
0x99c2e4708493b19baa116e26dfa0056f5a69a783,25376,0.0009195613219
0x1fc3ddeb035310930a444c0fa59c01618d5902af,24840,0.0009001380531
0x386aa7556b556d8e9552c38e74be1b1b47ecfef4,24337,0.0008819106199
0x6833efb00f40af788f55bf27d6e236541a3989a2,23736,0.0008601319174
0x729abc3affc895afd5a7a87fcf388b96c0b18da2,23608,0.0008554935249
0x6b6c51c444fea186e7dab8963730f37faff1db16,23088,0.0008366500552
0xe87a10d5b212d169ccbc9a50cf5e23dd3da27cb6,23028,0.0008344758087
0x3159bfbb1f89b363c24ead3aa5aaafe400269e69,23002,0.0008335336352
0x409c6c5ec5c479673f4c09fb80d0f182fcff643e,22937,0.0008311782015
0x1309c007567a71b393094c21e70bd2647356a352,22917,0.0008304534526
0x73767570ebec5800b75a48cce2fc0a8d1031871d,22862,0.0008284603933
0x997b7778e566271a262b72d0a0a9e68907e51438,22860,0.0008283879185
0x87828b2f0c97e03eff9eb5bced20f33d20941a34,22628,0.000819980832
0xa10d05e5582abdf37b991d0b1fb5616358fbf3a8,21456,0.0007775105502
0xa042ea47883ed7a200a88f2649499a3dfd923a8c,21275,0.0007709515733
0xccf343eef0c5f2590ee30efc9f564b33aeb3c7e6,20863,0.0007560217473
0xd5de81e7e5e4f740a26ebb254d6052e1d03b4787,20852,0.0007556231354
0x8e1f2a00fdf2aa3ae728a835a67c54eac837cba0,20819,0.0007544272998
0x73ce601a7e91962d09849dcccc87781e3d4e2083,19806,0.0007177187713
0x9526d37c9798e4acb7482e3abe61bf49826204ee,19397,0.0007028976577
0x4e61548d94c8649ebfc2f5f54d2272fcbc687bf2,19344,0.0007009770733
0x9d35001ad4bd89a33af351660fe64970a5bea966,18980,0.0006877866445
0x7f0389b647c2d3e14540bcc8fb24cd82132c8649,18900,0.0006848876491
0x50d2ab4e663e3f7150613d856f9c6f429b01137c,18744,0.0006792346082
0x4e8d623832e7741cbe72fa1481fbbe80e48c8894,17888,0.0006482153581
0xfc93d167c5ca38a0b76134a7d0afd9488abe2505,17836,0.0006463310111
0x387acb7f56a6f29137a21d7eb755a3f638cab45b,17710,0.0006417650934
0x4b323a812683aae5bc9733a3bd5cd3407e6399f1,17325,0.0006278136784
0xe3e39161d35e9a81edec667a5387bfae85752854,17108,0.0006199501535
0x3d2a92e864652cea833ced8f8fc402cea1aa454b,16910,0.00061277514
0xf8006e94afb880ca1564bec74666d4288c855368,16693,0.0006049116152
0x65268d4fb73544b6056fa4f4bf20fc90e0b12a80,16512,0.0005983526382
0xee018439806943df3863008c384928b666fe27ee,16492,0.0005976278894
0xc487370895f6e8f5b62d99bf1472c95a94073379,15440,0.0005595061007
0x7dffa9a1b85f3d8e4c76b407319ab7eb3a89c382,15378,0.0005572593793
0xaf79312eb821871208ac76a80c8e282f8796964e,15340,0.0005558823565
0xd6ccad20d688739349f0e4f3ae2ec69bc5039354,15090,0.000546822996
0x3fee927dc78a3481e9d9b827ebd420ef6a40ffd1,15019,0.0005442501377
0x6ecba7527448bb56caba8ca7768d271deaea72a9,14850,0.00053812601
0xca7dda24bbb701d2dc3e58199f322c5a875dfea4,14581,0.0005283781382
0x31f02e88bd6110723e767af9e7186e61fc9e88f8,14318,0.000518847691
0x4166205758e79d3b2a169f4c9a301e1813d89668,13896,0.0005035554906
0x96b0060f2a45e7b9d4a56348f1042b06b7fd87cc,13780,0.0004993519473
0x1ceb0c21331df86b7ae8e0ec58d972e5698d542a,13600,0.0004928292078
0x196a3dc8446920cef0f0d1f6bf7ba5b40702c79f,13500,0.0004892054637
0xc07abf686ea64844e5f06bdab6e534c1cb799087,13416,0.0004861615186
0x1a534f22c9366aa8bbadff4cf7325f08a5c37a3d,13134,0.00047594256
0xb1d693b77232d88a3c9467ed5619ffe79e80bccc,13020,0.0004718114916
0x61c4476a41c2d9b3683258ecbe08abf29a34dc3e,12996,0.000470941793
0xb694119b6daa4fac888a3fdbd1a8da0398a8a438,12948,0.0004692023958
0x6f9bb7e454f5b3eb2310343f0e99269dc2bb8a1d,12888,0.0004670281493
0xae50f18a21d222572ddd25ef10bfe7760ae330da,12800,0.0004638392544
0x21e11427eefda12e7b1f20bd134928b02dad9320,12474,0.0004520258484
0xb957dccaa1ccfb1eb78b495b499801d591d8a403,12116,0.0004390528443
0x402904e954aebee2e78b7b09595393cf05571333,12068,0.0004373134471
0x3cbe564fae0c2e6e08813157ca7e5e80a2b1c62f,11571,0.0004193034385
0xda360606e4e484e7c97abbcc8441ae0887f88a18,11492,0.0004164406806
0x6408b550ed24a767b22f4b65371ae9f8c924138b,11336,0.0004107876397
0xab2f8fb2da51e6970ac1554ea18878044f35fe50,11208,0.0004061492472
0x4c669c29b88a45371df27412a625dd694f20d9df,11100,0.0004022356035
0x164d99246bff1125cb8e3c10d02d2aa906c81616,11100,0.0004022356035
0x12d91445fd44b73a822702979c553db3f78de40f,11045,0.0004002425442
0xd164ff4c786d851a0e2d2fc1bf78370dc9cc1d80,11022,0.000399409083
0x4589f45b8e30814dcb9e73690b58689e9c7b5a0f,10920,0.0003957128639
0xdb47b39e2fe61ba6a0f82abf07daa38d358134c5,10773,0.00039038596
0x08c9573a3a9235b712237747a88989dcb24d4a34,10665,0.0003864723163
0x93e225d4cbf1913c30409a75201f6ed32a6b6f77,10400,0.0003768693942
0x841a57b80440682e2cafcc38a5ef3d44f682ac04,10400,0.0003768693942
0x6977e753e022f65ebeb170d8267b2ea54a431523,10400,0.0003768693942
0x3e909f4eba38ddc71aa72e1ba3be7edd312818c2,10400,0.0003768693942
0x0fc59c9c998537c940a9dfc7dacde533a9c496fe,10400,0.0003768693942
0x770353615119f0f701118d3a4eaf1fe57fa00f84,10368,0.0003757097961
0xfc134003fba27276c091ea036d3b912e1a02de1a,10200,0.0003696219059
0x19d784e8cf011ea81c7952c70840ee3ece310c9a,10128,0.0003670128101
0x348b3ccac1f8b763b19e91f5fba71b85dc305655,9568,0.0003467198427
0xe39516c6ecb2c94e181fb5b6822d70278fc76545,9544,0.0003458501441
0x79236fccb8c592ffc1a080195240ba146caddd31,9528,0.000345270345
0xab5f4078eb63c126d6d759c0f02aa758987998bc,9487,0.0003437846099
0x6f199f00655e0d3e9c1f2b654570758ca1e33759,9480,0.0003435309478
0xa86bd8539cf64ab5414bbcf32627b7f03f01e1a0,9453,0.0003425525369
0xe85070bf5b50ec06ef31ab0ed3db284649d872b8,9428,0.0003416466008
0x8165405486b64322a89358a3971918e7e106b052,9372,0.0003396173041
0x14b30b46ec4fa1a993806bd5dda4195c5a82353e,9284,0.0003364284092
0x93951003a5ee69c6d8cb0837b7b937e93e0e0ef6,9200,0.0003333844641
0x65b808ce331f0554cc48a58f60aa98fe5a5b7627,9048,0.000327876373
0x192c614b55162e1fc3e920f25c59fff19774952c,8856,0.0003209187842
0x888851dc68c2f675c48b9967dd234dbe0e955fb7,8781,0.000318200976
0x4ecae95c0caddd17b65ba00df8342de338f99c6c,8710,0.0003156281177
0xd0917ac1daacc35cc5aa3b5b987171723aa7230b,8694,0.0003150483186
0xd432042954b9c708f269a7a702df92b5cd138464,8688,0.0003148308939
0x1cd56b8fdd1960b6780b90423fbf9f56877ed3f8,8370,0.0003033073875
0x8376c688003a23472ebed4cb76b05fead6a145e6,8266,0.0002995386935
0x8db0ff0e6f52a9ff8a324957d5338647d651dfc2,8208,0.0002974369219
0x01034964b40fd930ad410c7c9dc702622fa8c16d,8027,0.0002908779449
0xed9bac467144747e2c988c96f798770231d237eb,7912,0.0002867106391
0x975f178fd8a566d98bc935340064c691fa4d8881,7905,0.0002864569771
0x3c229864378b3b0adf98ae247ca33986aed8ec1e,7866,0.0002850437168
0xe6917129ad1b8fede25dfeec9aba161ff6c24e1a,7838,0.0002840290685
0x706e714e63eabaa8602c209ecc92943655e0c7b8,7690,0.0002786659271
0xda610b7cef2285b7b81cb605538bc3f83999b2ce,7600,0.0002754045573
0x3fa36d325ca670e232928cfbfad1530f0e0d53c1,7582,0.0002747522834
0x0688547a2b5f07327a7a2644fb649caa29c730eb,7550,0.0002735926852
0x3ba15b6f3a00a70ca53cb07ecdf26ec8099b7dd9,7491,0.0002714546762
0x985640c597f972d371db2cc326b02c8e568b43fb,7488,0.0002713459638
0x10c6b59014c9bb38ce1da0282e83fef7c569a6e8,7488,0.0002713459638
0xe531bc5b06ad419cb6267fe8163fffa397cf4d1b,7400,0.000268157069
0x9b72924f87270a8bbebf1a0cd0b8153878c74e4f,7137,0.0002586266218
0xf1d4fae32b8b75a857b58bc28ae37f9afb648ac6,7132,0.0002584454346
0xbf1299b5cb0ac7a66bc2c8d2aefe08b103399568,7124,0.000258155535
0x89f3a94d562f3503b9cb6ec98ed5ec833779786a,7020,0.0002543868411
0xba3c494f3b3937d1c8101ffbe1588023ad5ea0a2,6890,0.0002496759737
0x19356758eb00f89b4d2623a51f07c5ca30e2e664,6723,0.0002436243209
0xf08af090270550ee363e84c05a581672833a526e,6696,0.00024264591
0xd583f58e120600961e3e44def13718fcc1c1f491,6670,0.0002417037365
0x0f4f626201c508d5f02ba0161a618a6741d1760c,6603,0.0002392758279
0x5ecd9a0d8d252cb25b39c30d4f4ed8533ad87a4e,6555,0.0002375364307
0xf7ad9373968678708f8cb4f1fb398bc453ca95f1,6552,0.0002374277184
0x6b9c316dc8634f58a979a9667a222ae147d35c7f,6552,0.0002374277184
0x2a8fe51a69fe4f2fc1066c669b619e31a5123f6d,6528,0.0002365580198
0x02f8f1d857531f8a3ca3f4c351f61f9e0e9f4ba1,6330,0.0002293830063
0x5992ca7a1e6824cfbdb39de4a5016d7c28bd13eb,6314,0.0002288032072
0xa62a6496374933d58f4d5a4b5efe44da030b86d2,6234,0.0002259042119
0xc9782d4880de737d48c75153b51e36a7b2475974,6200,0.0002246721389
0x584313319d0bfead2a9d98a7154f5dcb5a62887f,6187,0.0002242010521
0x5eeca9db382cfdaa222450753a90291c560a4933,6032,0.0002185842487
0x72f01e94c94a7ddf11a0e9ceedc19b6763032a9e,5957,0.0002158664405
0xdfc9f311b2a99bd1abf7da71a6342dc99d1d057a,5946,0.0002154678287
0xdbd8c8b692c14f7d9238cda12da7e6e16ae39b4c,5936,0.0002151054542
0x0f2b20acb2fd7eebc0abc3aee0b00d57533b6bd1,5850,0.0002119890343
0x2b26da567c2a8c220daf91be8e37a429d33aef0b,5839,0.0002115904224
0x86d6441dcccc3386e9ddfe24aaaf71ec4d36e62f,5815,0.0002107207238
0xbe3418ae6d38a6b6927704600d258cd353a94215,5754,0.0002085102398
0x9e04e02088c2d42b6fee0a4bf59e7876684f1d34,5735,0.0002078217285
0xf4fe60e49915916ce924fb0086549216837bdd99,5733,0.0002077492536
0x3260acee84117b45f374a5ddea59252398034992,5681,0.0002058649066
0x360af2afbbdac11880f17266cd5fd0094033c86c,5668,0.0002053938199
0x8a25d8c9fa8c7a726137f2d618d85cbc2c083f78,5623,0.000203763135
0xe912cac1a6641004a8803687ee7699227fdb0550,5586,0.0002024223496
0xcf3c49a85341d2ba175b1b6900569624bf9efea2,5564,0.0002016251259
0x67227455755e26f20d0f571d9e25160ee5a3f123,5516,0.0001998857287
0xcdb4b5f351974fd86106e2f2e02e09d17ea65476,5383,0.000195066149
0x731a057b7ebf4d22f9d0bfda10cfbfe9bfa4d5e2,5376,0.0001948124869
0x44b5f2be03c8aead6a33a183ea603e4442ccff24,5359,0.0001941964504
0x93e45360f7e5b0b85d8e65dae9fa1a6f2af56819,5310,0.0001924208157
0xee9536e8aea9384f1a8ddf655a7e9ee4579a160f,5306,0.0001922758659
0x250d925cdbf03ba601c8704ba6f14e16f20c4942,5244,0.0001900291445
0x8b644241a16b96f282519731189c2e2d63d51f7f,5200,0.0001884346971
0xfe893818c7f93584b4448ea5fd2fb5c0e7473b8c,5145,0.0001864416378
0x118ad981e3be9a5a16ec7136125425af9c2128f4,5084,0.0001842311539
0xbf5f4049b07c975ff150429888f4ecaf48a7ff9c,5070,0.0001837238297
0x7302ce39220469a3a78ae468a582b29b30b9bcd7,5016,0.0001817670078
0xf046bbf84f391ae63316a5de1944b5bc7bd48aab,5000,0.0001811872088
0xbbd06c4ad570801051b55d8cab0d17accad1e169,4940,0.0001790129623
0x8145ccf0b63c62abb46f3f40b1ef0728175920e9,4848,0.0001756791176
0x92055df6cf2697af2e89db2398050154e693cbcd,4732,0.0001714755744
0x166b0e967bf17571fc2df38064a36ed6871d6118,4524,0.0001639381865
0xa62d058cd36e80899d1f5ed18b97a06e8f372d96,4481,0.0001623799765
0x410833e1f79637371636342dc20affe105425570,4472,0.0001620538395
0xaa97bab1f43bd30d8149724baa1cb0026df91989,4454,0.0001614015656
0x1564f5cb0e9b964cf1aef2afa51a5967e0ccbb01,4452,0.0001613290907
0x51fd44ba77b3066949b874f24c374819ef78809a,4440,0.0001608942414
0x81e3c9ded64caf37ee5ffd643637e1a97cd64f5f,4396,0.0001592997939
0xc574998e8ab0363a46ac02b62e02a35a50173cb8,4337,0.0001571617849
0x5bdf2df91ca26331e718ae3ac7cdba360ee6b950,4330,0.0001569081228
0x47a0d24b34889277010026892b7612143d16bf13,4320,0.0001565457484
0x3477dfd7d62510a9af8e25901cd4c5c74c58feee,4314,0.0001563283237
0x49de76e8e7c1b6a974d6b766b9b5f5d199566e94,4275,0.0001549150635
0x60d21227369e0d254299ac9fb2b308941c4c02f5,4249,0.00015397289
0xaf54a8106663da45111d321776b87f2953052d01,4246,0.0001538641777
0xb2d0016d9baf8c053539871de0b302c5a6a15b09,4185,0.0001516536937
0x6c2693f5a936f37ed03cfa8465bf2d8beff19a0f,4092,0.0001482836117
0xaf11f75d33c3c746f5d57b484f0f80dd592cbaa5,4080,0.0001478487623
0x9712c160925403a9458bfc6bbd7d8a1e694c984a,4065,0.0001473052007
0x301b61bc0538686609c9262043256ae5333199e6,4032,0.0001461093651
0x8a14e4af27e6e6fec7063a47982d8e300a3787fe,3983,0.0001443337305
0x5a6da46839fe767c8a481a735af978baa5576944,3952,0.0001432103698
0x07644eff7fe2d6095c72215e40f37a7a7236fe78,3939,0.0001427392831
0xfda1215797d29414e588b2e62fc390ee2949aaaa,3933,0.0001425218584
0xac0168b4fd7427bfd616e3a47fc05dd8175d5b64,3918,0.0001419782968
0xc36bcc133edfe4e3bbe0d92af330bd5ca946a258,3887,0.0001408549361
0x29ba9a0aa9e222198cea2a2c432cebcf8b1a248d,3792,0.0001374123791
0xc47fae56f3702737b69ed615950c01217ec5c7c8,3712,0.0001345133838
0xf339aa71052f86ff001105dcdbed6134b8316987,3696,0.0001339335847
0x833ac4382960e80fc70551d9cf8687f0cff0fb6e,3619,0.0001311433017
0x9a0a7ac2320882cf721a3c847fed25fd6589e93b,3528,0.0001278456945
0x4203132e29864f7c40281bcbc3b3c114e346d3fa,3525,0.0001277369822
0x046a3f0f8fb2a00bc4f1ed2105839998ccd44af1,3497,0.0001267223338
0xd431e6bbc9395d3264ac646c7cc32de906ea7edf,3490,0.0001264686717
0xe079c28a1064be7e9dd6384ae0d0ca281e0c98d6,3335,0.0001208518682
0xd60a15bef8e369427cf18a30c19b8bea054935ba,3271,0.000118532672
0x4334703b0b74e2045926f82f4158a103fce1df4f,3123,0.0001131695306
0xdf51a22b5690ec48d91b0c80ed1bb3e23319ab8c,3100,0.0001123360694
0xde43c2243b464ae5c3fa5da057e5c78c87ab6299,3100,0.0001123360694
0x931867863be460131f305ebce2feee83b839d5d4,3008,0.0001090022248
0x2053b88568b7cd1ac8d95f15d84287c50c9c7f5a,2982,0.0001080600513
0xe478212b2ca4cdfdb66382c0d0386407d3273845,2961,0.000107299065
0x2cf4f181d22be14b1b600ce3498b61f4a2d1898d,2890,0.0001047262067
0x9e6dd667becfcac423cd2fbb005593b3777dcb7d,2880,0.0001043638322
0x5dbbb992e30aa77cb9dd3872f046b3364bc385e2,2850,0.000103276709
0xbd06589c77f348dfe7a69372395c636275f58b4c,2800,0.0001014648369
0xd4e26683635bf3dc9ead5f31b935c33cc1ce1838,2760,0.0001000153392